<?xml version="1.0" encoding="UTF-8"?>
<databaseChangeLog
  xmlns="http://www.liquibase.org/xml/ns/dbchangelog"
  xmlns:xsi="http://www.w3.org/2001/XMLSchema-instance"
  xsi:schemaLocation="http://www.liquibase.org/xml/ns/dbchangelog
                      http://www.liquibase.org/xml/ns/dbchangelog/dbchangelog-3.4.xsd"
  logicalFilePath="changelog-5.3">

  <changeSet author="author" id="changelog-5.3">

    <addColumn tableName="tc_servers">
      <column name="fixedemail" type="BOOLEAN" defaultValueBoolean="false" />
    </addColumn>

    <addColumn tableName="tc_users">
      <column name="fixedemail" type="BOOLEAN" defaultValueBoolean="false" />
    </addColumn>

    <addColumn tableName="tc_devices">
      <column name="expirationtime" type="TIMESTAMP" />
    </addColumn>

    <createTable tableName="tc_keystore">
      <column autoIncrement="true" name="id" type="INT">
        <constraints primaryKey="true" />
      </column>
      <column name="publickey" type="MEDIUMBLOB">
        <constraints nullable="false" />
      </column>
      <column name="privatekey" type="MEDIUMBLOB">
        <constraints nullable="false" />
      </column>
    </createTable>

    <dropIndex indexName="idx_users_token" tableName="tc_users" />

    <dropColumn tableName="tc_users" columnName="token" />

  </changeSet>

</databaseChangeLog>
