<?xml version="1.0" encoding="UTF-8"?>
<databaseChangeLog
  xmlns="http://www.liquibase.org/xml/ns/dbchangelog"
  xmlns:xsi="http://www.w3.org/2001/XMLSchema-instance"
  xsi:schemaLocation="http://www.liquibase.org/xml/ns/dbchangelog
                      http://www.liquibase.org/xml/ns/dbchangelog/dbchangelog-3.4.xsd"
  logicalFilePath="changelog-6.2">

  <changeSet author="author" id="changelog-6.2">

    <dropColumn tableName="tc_servers" columnName="twelvehourformat" />
    <dropColumn tableName="tc_users" columnName="twelvehourformat" />

    <addColumn tableName="tc_attributes">
      <column name="priority" type="INT" defaultValueNumeric="0">
        <constraints nullable="false" />
      </column>
    </addColumn>

  </changeSet>

</databaseChangeLog>
